{
  "version": 2,
  "builds": [
    {
      "src": "dist/index.js",
      "use": "@vercel/node"
    }
  ],
  "routes": [
    {
      "src": "/api/(.*)",
      "dest": "/dist/index.js"
    },
    {
      "src": "/uploads/(.*)",
      "dest": "/dist/index.js"
    },
    {
      "src": "/site/(.*)",
      "dest": "/dist/index.js"
    },
    {
      "src": "/health",
      "dest": "/dist/index.js"
    },
    {
      "src": "/(.*)",
      "dest": "/dist/index.js"
    }
  ],
  "env": {
    "NODE_ENV": "production"
  }
}